{
    "$schema": "http://schema.management.azure.com/schemas/2015-01-01/deploymentTemplate.json#",
    "contentVersion": "1.0.0.0",
    "parameters": {
        "factoryName": {
            "type": "string",
            "metadata": "Data Factory name",
            "defaultValue": "techdome-devops"
        },
        "AzureBlobStorage1_connectionString": {
            "type": "secureString",
            "metadata": "Secure string for 'connectionString' of 'AzureBlobStorage1'"
        },
        "AzureSqlDatabase1_connectionString": {
            "type": "secureString",
            "metadata": "Secure string for 'connectionString' of 'AzureSqlDatabase1'"
        }
    },
    "variables": {
        "factoryId": "[concat('Microsoft.DataFactory/factories/', parameters('factoryName'))]"
    },
    "resources": [
        {
            "name": "[concat(parameters('factoryName'), '/AzureBlobStorage1')]",
            "type": "Microsoft.DataFactory/factories/linkedServices",
            "apiVersion": "2018-06-01",
            "properties": {
                "annotations": [],
                "type": "AzureBlobStorage",
                "typeProperties": {
                    "connectionString": "[parameters('AzureBlobStorage1_connectionString')]"
                }
            },
            "dependsOn": []
        },
        {
            "name": "[concat(parameters('factoryName'), '/AzureSqlDatabase1')]",
            "type": "Microsoft.DataFactory/factories/linkedServices",
            "apiVersion": "2018-06-01",
            "properties": {
                "annotations": [],
                "type": "AzureSqlDatabase",
                "typeProperties": {
                    "connectionString": "[parameters('AzureSqlDatabase1_connectionString')]"
                }
            },
            "dependsOn": []
        },
        {
            "name": "[concat(parameters('factoryName'), '/employee')]",
            "type": "Microsoft.DataFactory/factories/datasets",
            "apiVersion": "2018-06-01",
            "properties": {
                "linkedServiceName": {
                    "referenceName": "AzureBlobStorage1",
                    "type": "LinkedServiceReference"
                },
                "annotations": [],
                "type": "Excel",
                "typeProperties": {
                    "sheetName": "Sheet1",
                    "location": {
                        "type": "AzureBlobStorageLocation",
                        "fileName": "employee_table.xlsx",
                        "folderPath": "data",
                        "container": "techdome-storage"
                    },
                    "firstRowAsHeader": true
                },
                "schema": [
                    {
                        "name": "EmployeeID",
                        "type": "String"
                    },
                    {
                        "name": "FirstName",
                        "type": "String"
                    },
                    {
                        "name": "LastName",
                        "type": "String"
                    },
                    {
                        "name": "Department",
                        "type": "String"
                    },
                    {
                        "name": "DOB",
                        "type": "String"
                    }
                ]
            },
            "dependsOn": [
                "[concat(variables('factoryId'), '/linkedServices/AzureBlobStorage1')]"
            ]
        },
        {
            "name": "[concat(parameters('factoryName'), '/payroll_dst')]",
            "type": "Microsoft.DataFactory/factories/datasets",
            "apiVersion": "2018-06-01",
            "properties": {
                "linkedServiceName": {
                    "referenceName": "AzureSqlDatabase1",
                    "type": "LinkedServiceReference"
                },
                "annotations": [],
                "type": "AzureSqlTable",
                "schema": [
                    {
                        "name": "EmployeeID",
                        "type": "int",
                        "precision": 10
                    },
                    {
                        "name": "Salary",
                        "type": "decimal",
                        "precision": 10,
                        "scale": 2
                    },
                    {
                        "name": "Bonus",
                        "type": "decimal",
                        "precision": 10,
                        "scale": 2
                    },
                    {
                        "name": "Deductions",
                        "type": "decimal",
                        "precision": 10,
                        "scale": 2
                    },
                    {
                        "name": "TotalSalary",
                        "type": "decimal",
                        "precision": 10,
                        "scale": 2
                    }
                ],
                "typeProperties": {
                    "schema": "dbo",
                    "table": "Payroll"
                }
            },
            "dependsOn": [
                "[concat(variables('factoryId'), '/linkedServices/AzureSqlDatabase1')]"
            ]
        },
        {
            "name": "[concat(parameters('factoryName'), '/employee_dest')]",
            "type": "Microsoft.DataFactory/factories/datasets",
            "apiVersion": "2018-06-01",
            "properties": {
                "linkedServiceName": {
                    "referenceName": "AzureSqlDatabase1",
                    "type": "LinkedServiceReference"
                },
                "annotations": [],
                "type": "AzureSqlTable",
                "schema": [
                    {
                        "name": "EmployeeID",
                        "type": "int",
                        "precision": 10
                    },
                    {
                        "name": "FirstName",
                        "type": "nvarchar"
                    },
                    {
                        "name": "LastName",
                        "type": "nvarchar"
                    },
                    {
                        "name": "Department",
                        "type": "nvarchar"
                    },
                    {
                        "name": "DOB",
                        "type": "date"
                    }
                ],
                "typeProperties": {
                    "schema": "dbo",
                    "table": "Employee"
                }
            },
            "dependsOn": [
                "[concat(variables('factoryId'), '/linkedServices/AzureSqlDatabase1')]"
            ]
        },
        {
            "name": "[concat(parameters('factoryName'), '/payroll')]",
            "type": "Microsoft.DataFactory/factories/datasets",
            "apiVersion": "2018-06-01",
            "properties": {
                "linkedServiceName": {
                    "referenceName": "AzureBlobStorage1",
                    "type": "LinkedServiceReference"
                },
                "annotations": [],
                "type": "Excel",
                "typeProperties": {
                    "sheetName": "Sheet1",
                    "location": {
                        "type": "AzureBlobStorageLocation",
                        "fileName": "Payroll.xlsx",
                        "folderPath": "data",
                        "container": "techdome-storage"
                    },
                    "firstRowAsHeader": true
                },
                "schema": [
                    {
                        "name": "EmployeeID",
                        "type": "String"
                    },
                    {
                        "name": "Salary",
                        "type": "String"
                    },
                    {
                        "name": "Bonus",
                        "type": "String"
                    },
                    {
                        "name": "Deductions",
                        "type": "String"
                    },
                    {
                        "name": "TotalSalary",
                        "type": "String"
                    }
                ]
            },
            "dependsOn": [
                "[concat(variables('factoryId'), '/linkedServices/AzureBlobStorage1')]"
            ]
        },
        {
            "name": "[concat(parameters('factoryName'), '/Excel1')]",
            "type": "Microsoft.DataFactory/factories/datasets",
            "apiVersion": "2018-06-01",
            "properties": {
                "linkedServiceName": {
                    "referenceName": "AzureBlobStorage1",
                    "type": "LinkedServiceReference"
                },
                "annotations": [],
                "type": "Excel",
                "typeProperties": {
                    "sheetName": "Sheet1",
                    "location": {
                        "type": "AzureBlobStorageLocation",
                        "folderPath": "data",
                        "container": "techdome-storage"
                    },
                    "firstRowAsHeader": true
                },
                "schema": []
            },
            "dependsOn": [
                "[concat(variables('factoryId'), '/linkedServices/AzureBlobStorage1')]"
            ]
        },
        {
            "name": "[concat(parameters('factoryName'), '/Excel2')]",
            "type": "Microsoft.DataFactory/factories/datasets",
            "apiVersion": "2018-06-01",
            "properties": {
                "linkedServiceName": {
                    "referenceName": "AzureBlobStorage1",
                    "type": "LinkedServiceReference"
                },
                "parameters": {
                    "FIlename": {
                        "type": "string"
                    }
                },
                "annotations": [],
                "type": "Excel",
                "typeProperties": {
                    "sheetName": "Sheet1",
                    "location": {
                        "type": "AzureBlobStorageLocation",
                        "fileName": {
                            "value": "@dataset().FIlename",
                            "type": "Expression"
                        },
                        "folderPath": "data",
                        "container": "techdome-storage"
                    },
                    "firstRowAsHeader": true
                },
                "schema": []
            },
            "dependsOn": [
                "[concat(variables('factoryId'), '/linkedServices/AzureBlobStorage1')]"
            ]
        },
        {
            "name": "[concat(parameters('factoryName'), '/tables_dynamically')]",
            "type": "Microsoft.DataFactory/factories/datasets",
            "apiVersion": "2018-06-01",
            "properties": {
                "linkedServiceName": {
                    "referenceName": "AzureSqlDatabase1",
                    "type": "LinkedServiceReference"
                },
                "parameters": {
                    "schema": {
                        "type": "string"
                    },
                    "tablename": {
                        "type": "string"
                    }
                },
                "annotations": [],
                "type": "AzureSqlTable",
                "schema": [],
                "typeProperties": {
                    "schema": {
                        "value": "@dataset().schema",
                        "type": "Expression"
                    },
                    "table": {
                        "value": "@dataset().tablename",
                        "type": "Expression"
                    }
                }
            },
            "dependsOn": [
                "[concat(variables('factoryId'), '/linkedServices/AzureSqlDatabase1')]"
            ]
        },
        {
            "name": "[concat(parameters('factoryName'), '/AzureSqlTable1')]",
            "type": "Microsoft.DataFactory/factories/datasets",
            "apiVersion": "2018-06-01",
            "properties": {
                "linkedServiceName": {
                    "referenceName": "AzureSqlDatabase1",
                    "type": "LinkedServiceReference"
                },
                "annotations": [],
                "type": "AzureSqlTable",
                "schema": [
                    {
                        "name": "filename",
                        "type": "nvarchar"
                    },
                    {
                        "name": "schema_name",
                        "type": "nvarchar"
                    },
                    {
                        "name": "TableName",
                        "type": "nvarchar"
                    },
                    {
                        "name": "JsonMapping",
                        "type": "nvarchar"
                    }
                ],
                "typeProperties": {
                    "schema": "dbo",
                    "table": "DynamicMapping"
                }
            },
            "dependsOn": [
                "[concat(variables('factoryId'), '/linkedServices/AzureSqlDatabase1')]"
            ]
        },
        {
            "name": "[concat(parameters('factoryName'), '/pipeline1')]",
            "type": "Microsoft.DataFactory/factories/pipelines",
            "apiVersion": "2018-06-01",
            "properties": {
                "activities": [
                    {
                        "name": "Get Metadata1",
                        "type": "GetMetadata",
                        "dependsOn": [],
                        "policy": {
                            "timeout": "0.12:00:00",
                            "retry": 0,
                            "retryIntervalInSeconds": 30,
                            "secureOutput": false,
                            "secureInput": false
                        },
                        "userProperties": [],
                        "typeProperties": {
                            "dataset": {
                                "referenceName": "Excel1",
                                "type": "DatasetReference",
                                "parameters": {}
                            },
                            "fieldList": [
                                "childItems"
                            ],
                            "storeSettings": {
                                "type": "AzureBlobStorageReadSettings",
                                "recursive": true,
                                "enablePartitionDiscovery": false
                            }
                        }
                    },
                    {
                        "name": "ForEach1",
                        "type": "ForEach",
                        "dependsOn": [
                            {
                                "activity": "Get Metadata1",
                                "dependencyConditions": [
                                    "Succeeded"
                                ]
                            }
                        ],
                        "userProperties": [],
                        "typeProperties": {
                            "items": {
                                "value": "@activity('Get Metadata1').output.childItems",
                                "type": "Expression"
                            },
                            "isSequential": true,
                            "activities": [
                                {
                                    "name": "Lookup1",
                                    "type": "Lookup",
                                    "dependsOn": [],
                                    "policy": {
                                        "timeout": "0.12:00:00",
                                        "retry": 0,
                                        "retryIntervalInSeconds": 30,
                                        "secureOutput": false,
                                        "secureInput": false
                                    },
                                    "userProperties": [],
                                    "typeProperties": {
                                        "source": {
                                            "type": "AzureSqlSource",
                                            "sqlReaderQuery": {
                                                "value": "select * from dbo.DynamicMapping where filename = '@{item().name}'",
                                                "type": "Expression"
                                            },
                                            "queryTimeout": "02:00:00",
                                            "partitionOption": "None"
                                        },
                                        "dataset": {
                                            "referenceName": "AzureSqlTable1",
                                            "type": "DatasetReference",
                                            "parameters": {}
                                        }
                                    }
                                },
                                {
                                    "name": "Copy data1",
                                    "type": "Copy",
                                    "dependsOn": [
                                        {
                                            "activity": "Lookup1",
                                            "dependencyConditions": [
                                                "Succeeded"
                                            ]
                                        }
                                    ],
                                    "policy": {
                                        "timeout": "0.12:00:00",
                                        "retry": 0,
                                        "retryIntervalInSeconds": 30,
                                        "secureOutput": false,
                                        "secureInput": false
                                    },
                                    "userProperties": [],
                                    "typeProperties": {
                                        "source": {
                                            "type": "ExcelSource",
                                            "storeSettings": {
                                                "type": "AzureBlobStorageReadSettings",
                                                "recursive": true,
                                                "enablePartitionDiscovery": false
                                            }
                                        },
                                        "sink": {
                                            "type": "AzureSqlSink",
                                            "writeBehavior": "insert",
                                            "sqlWriterUseTableLock": false
                                        },
                                        "enableStaging": false,
                                        "translator": {
                                            "value": "@json(activity('Lookup1').output.firstRow.JsonMapping)",
                                            "type": "Expression"
                                        }
                                    },
                                    "inputs": [
                                        {
                                            "referenceName": "Excel2",
                                            "type": "DatasetReference",
                                            "parameters": {
                                                "FIlename": {
                                                    "value": "@activity('Lookup1').output.firstRow.filename",
                                                    "type": "Expression"
                                                }
                                            }
                                        }
                                    ],
                                    "outputs": [
                                        {
                                            "referenceName": "tables_dynamically",
                                            "type": "DatasetReference",
                                            "parameters": {
                                                "schema": {
                                                    "value": "@activity('Lookup1').output.firstRow.schema_name",
                                                    "type": "Expression"
                                                },
                                                "tablename": {
                                                    "value": "@activity('Lookup1').output.firstRow.TableName",
                                                    "type": "Expression"
                                                }
                                            }
                                        }
                                    ]
                                }
                            ]
                        }
                    }
                ],
                "policy": {
                    "elapsedTimeMetric": {}
                },
                "annotations": [],
                "lastPublishTime": "2023-09-29T12:22:55Z"
            },
            "dependsOn": [
                "[concat(variables('factoryId'), '/datasets/Excel1')]",
                "[concat(variables('factoryId'), '/datasets/AzureSqlTable1')]",
                "[concat(variables('factoryId'), '/datasets/Excel2')]",
                "[concat(variables('factoryId'), '/datasets/tables_dynamically')]"
            ]
        },
        {
            "name": "[concat(parameters('factoryName'), '/pipeline2')]",
            "type": "Microsoft.DataFactory/factories/pipelines",
            "apiVersion": "2018-06-01",
            "properties": {
                "activities": [
                    {
                        "name": "Copy data1",
                        "type": "Copy",
                        "dependsOn": [],
                        "policy": {
                            "timeout": "0.12:00:00",
                            "retry": 0,
                            "retryIntervalInSeconds": 30,
                            "secureOutput": false,
                            "secureInput": false
                        },
                        "userProperties": [],
                        "typeProperties": {
                            "source": {
                                "type": "ExcelSource",
                                "storeSettings": {
                                    "type": "AzureBlobStorageReadSettings",
                                    "recursive": true,
                                    "enablePartitionDiscovery": false
                                }
                            },
                            "sink": {
                                "type": "AzureSqlSink",
                                "writeBehavior": "insert",
                                "sqlWriterUseTableLock": false
                            },
                            "enableStaging": false,
                            "translator": {
                                "type": "TabularTranslator",
                                "mappings": [
                                    {
                                        "source": {
                                            "name": "EmployeeID",
                                            "type": "String",
                                            "physicalType": "String"
                                        },
                                        "sink": {
                                            "name": "EmployeeID",
                                            "type": "Int32",
                                            "physicalType": "int"
                                        }
                                    },
                                    {
                                        "source": {
                                            "name": "Salary",
                                            "type": "String",
                                            "physicalType": "String"
                                        },
                                        "sink": {
                                            "name": "Salary",
                                            "type": "Decimal",
                                            "physicalType": "decimal",
                                            "scale": 2,
                                            "precision": 10
                                        }
                                    },
                                    {
                                        "source": {
                                            "name": "Bonus",
                                            "type": "String",
                                            "physicalType": "String"
                                        },
                                        "sink": {
                                            "name": "Bonus",
                                            "type": "Decimal",
                                            "physicalType": "decimal",
                                            "scale": 2,
                                            "precision": 10
                                        }
                                    },
                                    {
                                        "source": {
                                            "name": "Deductions",
                                            "type": "String",
                                            "physicalType": "String"
                                        },
                                        "sink": {
                                            "name": "Deductions",
                                            "type": "Decimal",
                                            "physicalType": "decimal",
                                            "scale": 2,
                                            "precision": 10
                                        }
                                    },
                                    {
                                        "source": {
                                            "name": "TotalSalary",
                                            "type": "String",
                                            "physicalType": "String"
                                        },
                                        "sink": {
                                            "name": "TotalSalary",
                                            "type": "Decimal",
                                            "physicalType": "decimal",
                                            "scale": 2,
                                            "precision": 10
                                        }
                                    }
                                ],
                                "typeConversion": true,
                                "typeConversionSettings": {
                                    "allowDataTruncation": true,
                                    "treatBooleanAsNumber": false
                                }
                            }
                        },
                        "inputs": [
                            {
                                "referenceName": "payroll",
                                "type": "DatasetReference",
                                "parameters": {}
                            }
                        ],
                        "outputs": [
                            {
                                "referenceName": "payroll_dst",
                                "type": "DatasetReference",
                                "parameters": {}
                            }
                        ]
                    }
                ],
                "policy": {
                    "elapsedTimeMetric": {}
                },
                "annotations": [],
                "lastPublishTime": "2023-09-29T12:22:55Z"
            },
            "dependsOn": [
                "[concat(variables('factoryId'), '/datasets/payroll')]",
                "[concat(variables('factoryId'), '/datasets/payroll_dst')]"
            ]
        }
    ]
}